Count,Sherd sample Database Individual  number,Sherd_ID_original ,Sample_ID,Vessel_ID,Site_code,Site_name,Country,Region,Latitude ,Longitude ,Phase,Phase_2,Sample_type,Yield_AE,d13C16,d13C18,bigD,Miliacin,Aquatic,AE GC-MS Scan Data file ,TMTD,Pristanic ,Phytanic,SRR_RRR ,APAA_range,APAA_C18_area ,APAA_C20_area ,APAA_EH,APAA_20_18,
1,ENC186,cx 67-11,OBD01IAE,OBD01,OBD,Obaru D,Japan,Kyushu,33.37,130.13,Late Jomon,Jomon,ceramic,2.3,,,,no,no,2021_07_12_MB,no,no,no,,,0,0,,,
2,ENC187,cx 69-52,OBD02IAE,OBD02,OBD,Obaru D,Japan,Kyushu,33.37,130.13,Late Jomon,Jomon,ceramic,11.4,-28.966,-29.628,-0.662,no,no,2021_07_12_MB,no,tr,no,,,0,0,,,
3,ENC188,cx 69,OBD03IAE,OBD03,OBD,Obaru D,Japan,Kyushu,33.37,130.13,Late Jomon,Jomon,ceramic,0.7,,,,no,no,2021_07_12_MB,no,no,no,,,0,0,,,
4,ENC189,cx 69-22,OBD04IAE,OBD04,OBD,Obaru D,Japan,Kyushu,33.37,130.13,Late Jomon,Jomon,ceramic,1.6,,,,no,no,2021_07_12_MB,no,tr,tr,,,0,0,,,
5,ENC190,cx 69-52,OBD05IAE,OBD05,OBD,Obaru D,Japan,Kyushu,33.37,130.13,Late Jomon,Jomon,ceramic,4.1,,,,no,no,2021_07_12_MB,no,tr,tr,,,0,0,,,
6,ENC191,cx 69-69,OBD06IAE,OBD06,OBD,Obaru D,Japan,Kyushu,33.37,130.13,Late Jomon,Jomon,ceramic,5,,,,no,no,2021_07_12_MB,no,tr,no,,,0,0,,,
7,ENC192,cx 69-52,OBD07IAE,OBD07,OBD,Obaru D,Japan,Kyushu,33.37,130.13,Late Jomon,Jomon,ceramic,1.5,,,,no,no,2021_07_12_MB,no,tr,tr,,,0,0,,,
8,ENC193,cx 69-63,OBD08IAE,OBD08,OBD,Obaru D,Japan,Kyushu,33.37,130.13,Late Jomon,Jomon,ceramic,13.8,-28.004,-29.212,-1.207,no,no,2021_07_12_MB,no,no,no,,,0,0,,,
9,ENC194,cx 68-9,OBD09IAE,OBD09,OBD,Obaru D,Japan,Kyushu,33.37,130.13,Late Jomon,Jomon,ceramic,10.7,,,,no,no,2021_07_12_MB,no,tr,no,,,0,0,,,
10,ENC195,cx 69-1,OBD10IAE,OBD10,OBD,Obaru D,Japan,Kyushu,33.37,130.13,Late Jomon,Jomon,ceramic,6.1,,,,no,no,2021_07_12_MB,no,tr,no,,,0,0,,,
11,ENC196,cx 69-42,OBD11IAE,OBD11,OBD,Obaru D,Japan,Kyushu,33.37,130.13,Late Jomon,Jomon,ceramic,28,,,,no,no,2021_07_12_MB,no,tr,no,,,0,0,,,
12,ENC197,cx 69-52,OBD12IAE,OBD12,OBD,Obaru D,Japan,Kyushu,33.37,130.13,Late Jomon,Jomon,ceramic,2.7,,,,no,no,2021_07_12_MB,no,no,no,,,0,0,,,
13,ENC198,cx 69-43,OBD13IAE,OBD13,OBD,Obaru D,Japan,Kyushu,33.37,130.13,Late Jomon,Jomon,ceramic,17.4,,,,no,no,2021_07_12_MB,no,tr,no,,,0,0,,,
14,ENC199,cx 69,OBD14IAE,OBD14,OBD,Obaru D,Japan,Kyushu,33.37,130.13,Late Jomon,Jomon,ceramic,7.69,,,,no,no,2021_07_12_MB,no,tr,no,,,0,0,,,
15,ENC200,cx 68-10,OBD15IAE,OBD15,OBD,Obaru D,Japan,Kyushu,33.37,130.13,Late Jomon,Jomon,ceramic,5.98,,,,no,no,2021_07_12_MB,no,tr,no,,,0,0,,,
16,ENC201,cx 69-55,OBD16IAE,OBD16,OBD,Obaru D,Japan,Kyushu,33.37,130.13,Late Jomon,Jomon,ceramic,2.27,,,,no,no,2021_07_12_MB,no,no,no,,,0,0,,,
17,ENC202,cx 69-63,OBD17IAE,OBD17,OBD,Obaru D,Japan,Kyushu,33.37,130.13,Late Jomon,Jomon,ceramic,318.46,-24.47,-25.268,-0.798,no,yes,2021_07_12_MB,no,no,yes,85.3,,63717,19717,n/a ,0.309,
18,ENC203,cx 69-76,OBD18IAE,OBD18,OBD,Obaru D,Japan,Kyushu,33.37,130.13,Late Jomon,Jomon,ceramic,10.68,,,,no,no,2021_07_12_MB,no,tr,tr,,,0,0,,,
19,ENC204,cx 69-55,OBD19IAE,OBD19,OBD,Obaru D,Japan,Kyushu,33.37,130.13,Late Jomon,Jomon,ceramic,20.48,,,,no,no,2021_07_12_MB,no,tr,no,,,0,0,,,
20,ENC205,cx 69,OBD20IAE,OBD20,OBD,Obaru D,Japan,Kyushu,33.37,130.13,Late Jomon,Jomon,ceramic,36.76,-22.845,-22.822,0.023,no,no,2021_07_12_MB,no,no,yes,85.4,,0,0,,,
21,ENC206,cx 69,OBD21IAE,OBD21,OBD,Obaru D,Japan,Kyushu,33.37,130.13,Late Jomon,Jomon,ceramic,4.16,,,,no,no,2021_07_12_MB,no,no,no,,,7952514,0,,,
22,ENC207,cx 69-3,OBD22IAE,OBD22,OBD,Obaru D,Japan,Kyushu,33.37,130.13,Late Jomon,Jomon,ceramic,4.91,,,,no,no,2021_07_12_MB,no,no,tr,,,0,0,,,
23,ENC208,cx 69-32,OBD23IAE,OBD23,OBD,Obaru D,Japan,Kyushu,33.37,130.13,Late Jomon,Jomon,ceramic,6.73,,,,no,no,2021_07_12_MB,no,no,tr,,,0,0,,,
24,ENC209,cx 69-11,OBD24IAE,OBD24,OBD,Obaru D,Japan,Kyushu,33.37,130.13,Late Jomon,Jomon,ceramic,2.75,,,,no,no,2021_07_12_MB,no,tr,yes,82.3,,0,0,,,
25,ENC210,cx 69-64,OBD25IAE,OBD25,OBD,Obaru D,Japan,Kyushu,33.37,130.13,Late Jomon,Jomon,ceramic,0.74,,,,no,no,2021_07_12_MB,no,no,no,,,0,0,,,
26,ENC211,cx 68-20,OBD26IAE,OBD26,OBD,Obaru D,Japan,Kyushu,33.37,130.13,Late Jomon,Jomon,ceramic,9.59,,,,no,no,2021_07_12_MB,no,no,no,,,0,0,,,
27,ENC212,cx 69-64,OBD27IAE,OBD27,OBD,Obaru D,Japan,Kyushu,33.37,130.13,Late Jomon,Jomon,ceramic,1.5,,,,no,no,2021_07_12_MB,no,no,no,,,0,0,,,
28,ENC213,cx 68-30,OBD28IAE,OBD28,OBD,Obaru D,Japan,Kyushu,33.37,130.13,Late Jomon,Jomon,ceramic,5.73,,,,no,no,2021_07_12_MB,no,tr,no,,,0,0,,,
29,ENC214,cx 68-10,OBD29IAE,OBD29,OBD,Obaru D,Japan,Kyushu,33.37,130.13,Late Jomon,Jomon,ceramic,25.5,,,,no,no,2021_07_12_MB,no,no,no,,,0,0,,,
30,ENC215,n/a,OBD30IAE,OBD30,OBD,Obaru D,Japan,Kyushu,33.37,130.13,Late Jomon,Jomon,ceramic,23.67,,,,no,no,2021_07_12_MB,no,no,no,,,0,0,,,
31,ENC216,n/a,OBD31IAE,OBD31,OBD,Obaru D,Japan,Kyushu,33.37,130.13,Late Jomon,Jomon,ceramic,32,,,,no,no,2021_07_12_MB,no,no,tr,,,0,0,,,
32,ENC217,SX01　2区,RMM01IAE,RMM01,RMM,Ryumatsu Mizota,Japan,Kyushu,33.42,130.57,Final Jomon,Jomon,ceramic,1.55,,,,no,no,2021_07_09_MB,no,no,no,,,0,0,,,
33,ENC218,SX01　No.35,RMM02IAE,RMM02,RMM,Ryumatsu Mizota,Japan,Kyushu,33.42,130.57,Final Jomon,Jomon,ceramic,72.09,-27.531,-29.102,-1.571,no,no,2021_07_09_MB,no,no,no,,,7952514,103650,3.16,0.013,
34,ENC219,SX01　No.48,RMM03IAE,RMM03,RMM,Ryumatsu Mizota,Japan,Kyushu,33.42,130.57,Final Jomon,Jomon,ceramic,1.37,,,,no,no,2021_07_09_MB,no,no,no,,,0,0,,,
35,ENC220,SX01　No.32,RMM04IAE,RMM04,RMM,Ryumatsu Mizota,Japan,Kyushu,33.42,130.57,Final Jomon,Jomon,ceramic,3.38,,,,no,no,2021_07_09_MB,no,tr,no,,,0,0,,,
36,ENC221,SX01　No.40,RMM05IAE,RMM05,RMM,Ryumatsu Mizota,Japan,Kyushu,33.42,130.57,Final Jomon,Jomon,ceramic,3.35,,,,no,no,2021_07_09_MB,no,no,no,,,0,0,,,
37,ENC222,SX01　No.38,RMM06IAE,RMM06,RMM,Ryumatsu Mizota,Japan,Kyushu,33.42,130.57,Final Jomon,Jomon,ceramic,5.13,,,,no,no,2021_07_09_MB,no,no,no,,,0,0,,,
38,ENC223,SX01　No.39,RMM07IAE,RMM07,RMM,Ryumatsu Mizota,Japan,Kyushu,33.42,130.57,Final Jomon,Jomon,ceramic,36.68,-29.267,-28.833,0.434,no,no,2021_07_09_MB,no,no,no,,,321670,0,1.34,,
39,ENC224,SX01　3区,RMM08IAE,RMM08,RMM,Ryumatsu Mizota,Japan,Kyushu,33.42,130.57,Final Jomon,Jomon,ceramic,36.69,-27.385,-26.6,0.784,no,no,2021_07_09_MB,no,yes,yes,11.9,,0,0,,,
40,ENC225,SX01　3区,RMM09IAE,RMM09,RMM,Ryumatsu Mizota,Japan,Kyushu,33.42,130.57,Final Jomon,Jomon,ceramic,4.85,,,,no,no,2021_07_12_MB,no,no,no,,,0,0,,,
41,ENC226,SX01　3・4区ベルト,RMM10IAE,RMM10,RMM,Ryumatsu Mizota,Japan,Kyushu,33.42,130.57,Final Jomon,Jomon,ceramic,1.53,,,,no,no,2021_07_12_MB,no,no,no,,,0,0,,,
42,ENC227,SX01　3・4区ベルト,RMM11IAE,RMM11,RMM,Ryumatsu Mizota,Japan,Kyushu,33.42,130.57,Final Jomon,Jomon,ceramic,1.61,,,,no,no,2021_07_12_MB,no,no,no,,,0,0,,,
43,ENC228,SX01　3・4区ベルト,RMM12IAE,RMM12,RMM,Ryumatsu Mizota,Japan,Kyushu,33.42,130.57,Final Jomon,Jomon,ceramic,2.26,,,,no,no,2021_07_12_MB,no,no,no,,,0,0,,,
44,ENC229,SX01　2・4区ベルト,RMM13IAE,RMM13,RMM,Ryumatsu Mizota,Japan,Kyushu,33.42,130.57,Final Jomon,Jomon,ceramic,2.04,,,,no,no,2021_07_12_MB,no,no,no,,,0,0,,,
45,ENC230,SX01　2・4区ベルト,RMM14IAE,RMM14,RMM,Ryumatsu Mizota,Japan,Kyushu,33.42,130.57,Final Jomon,Jomon,ceramic,3.56,,,,no,no,2021_07_12_MB,no,no,no,,,0,0,,,
46,ENC231,SX01　2・4区ベルト,RMM15IAE,RMM15,RMM,Ryumatsu Mizota,Japan,Kyushu,33.42,130.57,Final Jomon,Jomon,ceramic,3.52,,,,no,no,2021_07_09_MB,no,no,no,,,0,0,,,
47,ENC232,SX01　,RMM16IAE,RMM16,RMM,Ryumatsu Mizota,Japan,Kyushu,33.42,130.57,Final Jomon,Jomon,ceramic,3.32,,,,no,no,2021_07_12_MB,no,no,no,,,0,0,,,
48,ENC233,SX01　4区,RMM17IAE,RMM17,RMM,Ryumatsu Mizota,Japan,Kyushu,33.42,130.57,Final Jomon,Jomon,ceramic,2.37,,,,no,no,2021_07_12_MB,no,no,tr,,,0,0,,,
49,ENC234,SX01　4区,RMM18IAE,RMM18,RMM,Ryumatsu Mizota,Japan,Kyushu,33.42,130.57,Final Jomon,Jomon,ceramic,2.13,,,,no,no,2021_07_12_MB,no,no,no,,,0,0,,,
50,ENC235,SX01　4区,RMM19IAE,RMM19,RMM,Ryumatsu Mizota,Japan,Kyushu,33.42,130.57,Final Jomon,Jomon,ceramic,1.62,,,,no,no,2021_07_12_MB,no,no,no,,,321670,0,,,
51,ENC236,SX01　4区,RMM20IAE,RMM20,RMM,Ryumatsu Mizota,Japan,Kyushu,33.42,130.57,Final Jomon,Jomon,ceramic,0.82,,,,no,no,2021_07_12_MB,no,no,no,,,0,0,,,
52,ENC237,SX01　No.15,RMM21IAE,RMM21,RMM,Ryumatsu Mizota,Japan,Kyushu,33.42,130.57,Final Jomon,Jomon,ceramic,2.13,,,,no,no,2021_07_12_MB,no,no,no,,,0,0,,,
53,ENC238,SX01　No.15,RMM22IAE,RMM22,RMM,Ryumatsu Mizota,Japan,Kyushu,33.42,130.57,Final Jomon,Jomon,ceramic,2.35,,,,no,no,2021_07_12_MB,no,no,no,,,0,0,,,
54,ENC239,SX01　No.15,RMM23IAE,RMM23,RMM,Ryumatsu Mizota,Japan,Kyushu,33.42,130.57,Final Jomon,Jomon,ceramic,8.71,,,,no,no,2021_07_12_MB,no,no,no,,,130406,0,,,
55,ENC240,SX01　No.8,RMM24IAE,RMM24,RMM,Ryumatsu Mizota,Japan,Kyushu,33.42,130.57,Final Jomon,Jomon,ceramic,3.17,,,,no,no,2021_07_12_MB,no,no,no,,,0,0,,,
56,ENC241,SX01　No.13,RMM25IAE,RMM25,RMM,Ryumatsu Mizota,Japan,Kyushu,33.42,130.57,Final Jomon,Jomon,ceramic,4.67,,,,no,no,2021_07_12_MB,no,no,no,,,0,0,,,
57,ENC242,SX01　No.9,RMM26IAE,RMM26,RMM,Ryumatsu Mizota,Japan,Kyushu,33.42,130.57,Final Jomon,Jomon,ceramic,1.95,,,,no,no,2021_07_12_MB,no,no,no,,,0,0,,,
58,ENC243,SX01　No.7,RMM27IAE,RMM27,RMM,Ryumatsu Mizota,Japan,Kyushu,33.42,130.57,Final Jomon,Jomon,ceramic,5.16,,,,no,no,2021_07_12_MB,no,no,no,,,0,0,,,
59,ENC244,SX01　No.13,RMM28IAE,RMM28,RMM,Ryumatsu Mizota,Japan,Kyushu,33.42,130.57,Final Jomon,Jomon,ceramic,2.43,,,,no,no,2021_07_12_MB,no,no,no,,,0,0,,,
60,ENC245,SX01　No.16,RMM29IAE,RMM29,RMM,Ryumatsu Mizota,Japan,Kyushu,33.42,130.57,Final Jomon,Jomon,ceramic,2.26,,,,no,no,2021_07_12_MB,no,no,no,,,0,0,,,
61,ENC246,SX01　No.7,RMM30IAE,RMM30,RMM,Ryumatsu Mizota,Japan,Kyushu,33.42,130.57,Final Jomon,Jomon,ceramic,1.6,,,,no,no,2021_07_12_MB,no,no,no,,,0,0,,,
62,ENC247,001813135 R-12 (context ID),SHC01IAE,SHC01,SHC,Shimotsukiguma C,Japan,Kyushu,33.34,130.28,Initial Yayoi,Yayoi,ceramic,1084.18,-27.131,-26.486,0.646,no,no,2021_07_12_MB,no,no,no,,,0,0,,,
63,ENC248,001813187 R-10 (context ID),SHC02IAE,SHC02,SHC,Shimotsukiguma C,Japan,Kyushu,33.34,130.28,Initial Yayoi,Yayoi,ceramic,4.89,,,,no,no,2021_07_12_MB,no,no,no,,,1916078,0,,,
64,ENC249,SHC6IV SK500 loc2-1  (context ID),SHC03IAE,SHC03,SHC,Shimotsukiguma C,Japan,Kyushu,33.34,130.28,Initial Yayoi,Yayoi,ceramic,5.65,,,,no,no,2021_07_12_MB,no,no,no,,,0,0,,,
65,ENC250,001813182 R-1  (context ID),SHC04IAE,SHC04,SHC,Shimotsukiguma C,Japan,Kyushu,33.34,130.28,Initial Yayoi,Yayoi,ceramic,19.1,,,,no,no,2021_07_12_MB,no,tr,no,,,0,0,,,
66,ENC251,001813198 R-9 (context ID),SHC05IAE,SHC05,SHC,Shimotsukiguma C,Japan,Kyushu,33.34,130.28,Initial Yayoi,Yayoi,ceramic,6.95,-29.573,-29.332,0.242,no,no,2021_07_12_MB,no,tr,yes,89.6,,0,0,,,
67,ENC252,001813198 R-9 (context ID),SHC06IAE,SHC06,SHC,Shimotsukiguma C,Japan,Kyushu,33.34,130.28,Initial Yayoi,Yayoi,ceramic,11.55,-27.506,-27.248,0.258,no,yes,2021_07_12_MB,no,tr,tr,,,130406,9173.9,5.31,0.07,
68,ENC253,SHC6IV SK500 loc2-2 (context ID),SHC07IAE,SHC07,SHC,Shimotsukiguma C,Japan,Kyushu,33.34,130.28,Initial Yayoi,Yayoi,ceramic,56.14,-25.752,-26.51,-0.757,no,no,2021_07_12_MB,yes,tr,yes,91.1,,0,0,,,
69,ENC254,SHC6IV SK500 loc2-2 (context ID),SHC08IAE,SHC08,SHC,Shimotsukiguma C,Japan,Kyushu,33.34,130.28,Initial Yayoi,Yayoi,ceramic,11.6,,,,no,no,2021_07_12_MB,no,no,no,,,0,0,,,
70,ENC255,001813198 R-11  (context ID),SHC09IAE,SHC09,SHC,Shimotsukiguma C,Japan,Kyushu,33.34,130.28,Initial Yayoi,Yayoi,ceramic,7.35,,,,no,no,2021_07_12_MB,no,no,no,,,0,0,,,
71,ENC256,001813198 R-11  (context ID),SHC10IAE,SHC10,SHC,Shimotsukiguma C,Japan,Kyushu,33.34,130.28,Initial Yayoi,Yayoi,ceramic,49.89,-26.748,-26.849,-0.102,no,yes,2021_07_12_MB,tr,yes,yes,89.6,,1916078,172762,6.41,0.09,
72,ENC257,SHC6IV SD507 loc1 (context ID),SHC11IAE,SHC11,SHC,Shimotsukiguma C,Japan,Kyushu,33.34,130.28,Initial Yayoi,Yayoi,ceramic,3.12,,,,no,no,2021_07_12_MB,no,yes,no,,,0,0,,,
73,ENC258,SHC6IV SD507 loc1 (context ID),SHC12IAE,SHC12,SHC,Shimotsukiguma C,Japan,Kyushu,33.34,130.28,Initial Yayoi,Yayoi,ceramic,5.24,,,,no,no,2021_07_12_MB,no,tr,no,,,0,0,,,
74,ENC259,SHC6IV SD507 loc1 (context ID),SHC13IAE,SHC13,SHC,Shimotsukiguma C,Japan,Kyushu,33.34,130.28,Initial Yayoi,Yayoi,ceramic,45.68,-25.682,-25.919,-0.237,no,no,2021_07_12_MB,no,tr,no,,,0,0,,,
75,ENC260,SHC6IV SD507 loc1 (context ID),SHC14IAE,SHC14,SHC,Shimotsukiguma C,Japan,Kyushu,33.34,130.28,Initial Yayoi,Yayoi,ceramic,109.6,-27.106,-26.394,0.712,no,no,2021_07_12_MB,tr,no,tr,,,0,0,,,
76,ENC261,SHC6IV SD507 loc1 (context ID),SHC15IAE,SHC15,SHC,Shimotsukiguma C,Japan,Kyushu,33.34,130.28,Initial Yayoi,Yayoi,ceramic,1449.87,,,,no,no,2021_07_12_MB,no,no,no,,,322780,0,,,
77,ENC262,SHC6IV SK460 loc1-3 (context ID),SHC16IAE,SHC16,SHC,Shimotsukiguma C,Japan,Kyushu,33.34,130.28,Initial Yayoi,Yayoi,ceramic,19.84,,,,no,no,2021_07_12_MB,no,no,no,,,0,0,,,
78,ENC263,SHC6IV SK460 loc1-3 (context ID),SHC17IAE,SHC17,SHC,Shimotsukiguma C,Japan,Kyushu,33.34,130.28,Initial Yayoi,Yayoi,ceramic,3.23,,,,no,no,2021_07_12_MB,no,no,no,,,0,0,,,
79,ENC264,SHC6IV SK460 loc1-3 (context ID),SHC18IAE,SHC18,SHC,Shimotsukiguma C,Japan,Kyushu,33.34,130.28,Initial Yayoi,Yayoi,ceramic,6.11,,,,no,no,2021_07_12_MB,no,no,no,,,0,0,,,
80,ENC265,SHC6IV SK460 loc1-3 (context ID),SHC19IAE,SHC19,SHC,Shimotsukiguma C,Japan,Kyushu,33.34,130.28,Initial Yayoi,Yayoi,ceramic,155.73,-25.261,-26.536,-1.275,no,yes,2021_07_12_MB,no,no,yes,29.4,,322780,35065,6.07,0.109,
81,ENC266,SHC6IV SK460 loc1-3 (context ID),SHC20IAE,SHC20,SHC,Shimotsukiguma C,Japan,Kyushu,33.34,130.28,Initial Yayoi,Yayoi,ceramic,2.75,,,,no,no,2021_07_16_SSMB,no,no,no,,,0,0,,,
82,ENC267,SHC6IV SK500 loc2-3 (context ID),SHC21IAE,SHC21,SHC,Shimotsukiguma C,Japan,Kyushu,33.34,130.28,Initial Yayoi,Yayoi,ceramic,2.53,,,,no,no,2021_07_16_SSMB,no,no,no,,,0,0,,,
83,ENC268,SHC6IV SK500 loc2-3 (context ID),SHC22IAE,SHC22,SHC,Shimotsukiguma C,Japan,Kyushu,33.34,130.28,Initial Yayoi,Yayoi,ceramic,2.24,,,,no,no,2021_07_16_SSMB,no,no,no,,,0,0,,,
84,ENC269,SHC6IV SK500 loc2-3 (context ID),SHC23IAE,SHC23,SHC,Shimotsukiguma C,Japan,Kyushu,33.34,130.28,Initial Yayoi,Yayoi,ceramic,5.78,,,,no,no,2021_07_16_SSMB,no,no,no,,,0,0,,,
85,ENC270,SHC6IV SK500 loc2-3 (context ID),SHC24IAE,SHC24,SHC,Shimotsukiguma C,Japan,Kyushu,33.34,130.28,Initial Yayoi,Yayoi,ceramic,1.75,,,,no,no,2021_07_16_SSMB,no,no,no,,,0,0,,,
86,ENC271,SHC6IV SK500 loc2-3 (context ID),SHC25IAE,SHC25,SHC,Shimotsukiguma C,Japan,Kyushu,33.34,130.28,Initial Yayoi,Yayoi,ceramic,23.99,-27.851,-26.907,0.944,no,no,2021_07_16_SSMB,no,tr?,yes,54,,0,0,,,
87,ENC272,SHC6IV SK500 loc2-3 (context ID),SHC26IAE,SHC26,SHC,Shimotsukiguma C,Japan,Kyushu,33.34,130.28,Initial Yayoi,Yayoi,ceramic,2.83,,,,no,no,2021_07_16_SSMB,no,no,no,,,0,0,,,
88,ENC273,SHC6IV SK460 loc1-1 (context ID),SHC27IAE,SHC27,SHC,Shimotsukiguma C,Japan,Kyushu,33.34,130.28,Initial Yayoi,Yayoi,ceramic,17.89,-26.589,-28.027,-1.438,no,no,2021_07_16_SSMB,no,no,no,,,0,0,,,
89,ENC274,SHC6IV SK460 loc1-1 (context ID),SHC28IAE,SHC28,SHC,Shimotsukiguma C,Japan,Kyushu,33.34,130.28,Initial Yayoi,Yayoi,ceramic,11.95,,,,no,no,2021_07_16_SSMB,no,no,no,,,0,0,,,
90,ENC275,SHC6IV SK460 loc1-1 (context ID),SHC29IAE,SHC29,SHC,Shimotsukiguma C,Japan,Kyushu,33.34,130.28,Initial Yayoi,Yayoi,ceramic,2.63,,,,no,no,2021_07_16_SSMB,no,no,no,,,0,0,,,
91,ENC276,SAS.5.SK.177(no sherd ID but context ID),SAS01IAE,SAS01,SAS,Sasai,Japan,Kyushu,33.35,130.27,Early Yayoi,Yayoi,ceramic,8.99,-29.034,-28.029,1.005,no,no,2021_07_19_MB,no,tr,no,,,0,0,,,
92,ENC277,SAS.5.SK.177(no sherd ID but context ID),SAS02IAE,SAS02,SAS,Sasai,Japan,Kyushu,33.35,130.27,Early Yayoi,Yayoi,ceramic,2.13,,,,no,no,2021_07_19_MB,no,tr,no,,,0,0,,,
93,ENC278,SAS.5.SK.177(no sherd ID but context ID),SAS03IAE,SAS03,SAS,Sasai,Japan,Kyushu,33.35,130.27,Early Yayoi,Yayoi,ceramic,73.45,-30.775,-31.193,-0.418,no,no,2021_07_16_SSMB,yes,no,no,,,281816,0,7.66,,
94,ENC279,SAS.5.SK.177(no sherd ID but context ID),SAS04IAE,SAS04,SAS,Sasai,Japan,Kyushu,33.35,130.27,Early Yayoi,Yayoi,ceramic,47.26,-31.571,-30.434,1.137,no,no,2021_07_16_SSMB,no,tr,no,,,0,0,,,
95,ENC280,SAS.5.SK.177(no sherd ID but context ID),SAS05IAE,SAS05,SAS,Sasai,Japan,Kyushu,33.35,130.27,Early Yayoi,Yayoi,ceramic,10.29,,,,no,no,2021_07_16_SSMB,no,no,no,,,0,0,,,
96,ENC281,SAS.5.SK.177(no sherd ID but context ID),SAS06IAE,SAS06,SAS,Sasai,Japan,Kyushu,33.35,130.27,Early Yayoi,Yayoi,ceramic,18.59,-30.762,-30.878,-0.116,no,no,2021_07_16_SSMB,no,tr,no,,,0,0,,,
97,ENC282,SAS.5.SK.177(no sherd ID but context ID),SAS07IAE,SAS07,SAS,Sasai,Japan,Kyushu,33.35,130.27,Early Yayoi,Yayoi,ceramic,24.62,-17.116,-22.4,-5.284,no,no,2021_07_16_SSMB,no,no,yes,90.5,,110269,0,5.26,,
98,ENC283,SAS.5.SK.177(no sherd ID but context ID),SAS08IAE,SAS08,SAS,Sasai,Japan,Kyushu,33.35,130.27,Early Yayoi,Yayoi,ceramic,11.81,-29.295,-29.582,-0.287,no,no,2021_07_16_SSMB,no,no,no,,,0,0,,,
99,ENC284,SAS.5.SK.177(no sherd ID but context ID),SAS09IAE,SAS09,SAS,Sasai,Japan,Kyushu,33.35,130.27,Early Yayoi,Yayoi,ceramic,7.06,,,,no,no,2021_07_16_SSMB,no,no,tr,,,0,0,,,
100,ENC285,SAS.5.SK.177(no sherd ID but context ID),SAS10IAE,SAS10,SAS,Sasai,Japan,Kyushu,33.35,130.27,Early Yayoi,Yayoi,ceramic,22.62,-28.258,-27.538,0.72,no,no,2021_07_16_SSMB,no,no,no,,,0,0,,,
101,ENC286,SAS.5.SK.177(no sherd ID but context ID),SAS11IAE,SAS11,SAS,Sasai,Japan,Kyushu,33.35,130.27,Early Yayoi,Yayoi,ceramic,3.88,,,,no,no,2021_07_16_SSMB,no,tr,no,,,0,0,,,
102,ENC287,SAS.5.SK.177(no sherd ID but context ID),SAS12IAE,SAS12,SAS,Sasai,Japan,Kyushu,33.35,130.27,Early Yayoi,Yayoi,ceramic,17.18,-29.135,-29.301,-0.166,no,no,2021_07_16_SSMB,no,tr,yes,90.2,,0,0,,,
103,ENC288,SAS.5.SK.177 No.8,SAS13IAE,SAS13,SAS,Sasai,Japan,Kyushu,33.35,130.27,Early Yayoi,Yayoi,ceramic,4.52,,,,no,no,2021_07_19_MB,no,tr,no,,,0,0,,,
104,ENC289,SAS.5.SK.177 No.7,SAS14IAE,SAS14,SAS,Sasai,Japan,Kyushu,33.35,130.27,Early Yayoi,Yayoi,ceramic,5.2,,,,no,no,2021_07_19_MB,no,no,no,,,0,0,,,
105,ENC290,SAS.5.SK.177(no sherd ID but context ID),SAS15IAE,SAS15,SAS,Sasai,Japan,Kyushu,33.35,130.27,Early Yayoi,Yayoi,ceramic,4.75,,,,no,no,2021_07_19_MB,no,yes,tr,,,0,0,,,
106,ENC291,SAS.5.SK.177(no sherd ID but context ID),SAS16IAE,SAS16,SAS,Sasai,Japan,Kyushu,33.35,130.27,Early Yayoi,Yayoi,ceramic,19.65,-23.221,-25.247,-2.026,no,no,2021_07_19_MB,tr,no,yes,94.3,,0,0,,,
107,ENC292,SAS.5.SK.177(no sherd ID but context ID),SAS17IAE,SAS17,SAS,Sasai,Japan,Kyushu,33.35,130.27,Early Yayoi,Yayoi,ceramic,29.37,-30.072,-29.88,0.191,no,no,2021_07_19_MB,no,yes,no,,,0,0,,,
108,ENC293,SAS.5.SK.177(no sherd ID but context ID),SAS18IAE,SAS18,SAS,Sasai,Japan,Kyushu,33.35,130.27,Early Yayoi,Yayoi,ceramic,1.85,,,,no,no,2021_07_19_MB,no,tr,no,,,0,0,,,
109,ENC294,SAS.5.SK.177(no sherd ID but context ID),SAS19IAE,SAS19,SAS,Sasai,Japan,Kyushu,33.35,130.27,Early Yayoi,Yayoi,ceramic,3.3,,,,no,no,2021_07_19_MB,no,no,no,,,33.45,0,,,
110,ENC295,SAS.5.SK.177(no sherd ID but context ID),SAS20IAE,SAS20,SAS,Sasai,Japan,Kyushu,33.35,130.27,Early Yayoi,Yayoi,ceramic,29.93,-29.649,-30.98,-1.331,no,no,2021_07_19_MB,tr,no,yes,74.3,,33.45,0,,,
111,ENC296,SAS.5.SK.177(no sherd ID but context ID),SAS21IAE,SAS21,SAS,Sasai,Japan,Kyushu,33.35,130.27,Early Yayoi,Yayoi,ceramic,7.02,,,,no,no,2021_07_19_MB,no,no,no,,,33.45,0,,,
112,ENC297,SAS.5.SK.188 lower layer(no sherd ID but context ID),SAS22IAE,SAS22,SAS,Sasai,Japan,Kyushu,33.35,130.27,Early Yayoi,Yayoi,ceramic,3.14,,,,no,no,2021_07_19_MB,no,tr,no,,,33.45,0,,,
113,ENC298,SAS.5.SK.188(no sherd ID but context ID),SAS23IAE,SAS23,SAS,Sasai,Japan,Kyushu,33.35,130.27,Early Yayoi,Yayoi,ceramic,8.61,-29.546,-29.224,0.321,no,no,2021_07_19_MB,no,tr,no,,,33.45,0,,,
114,ENC299,SAS.5.SK.188 group d(no sherd ID but context ID),SAS24IAE,SAS24,SAS,Sasai,Japan,Kyushu,33.35,130.27,Early Yayoi,Yayoi,ceramic,6.5,-30.164,-29.682,0.482,no,no,2021_07_19_MB,no,no,no,,,33.45,0,,,
115,ENC300,SAS.5.SK.188(no sherd ID but context ID),SAS25IAE,SAS25,SAS,Sasai,Japan,Kyushu,33.35,130.27,Early Yayoi,Yayoi,ceramic,5.41,,,,no,no,2021_07_19_MB,no,no,no,,,33.45,0,,,
116,ENC301,SAS.5.SK.188(no sherd ID but context ID),SAS26IAE,SAS26,SAS,Sasai,Japan,Kyushu,33.35,130.27,Early Yayoi,Yayoi,ceramic,10.1,-29.785,-29.519,0.266,no,no,2021_07_19_MB,no,yes,no,,,33.45,0,,,
117,ENC302,SAS.5.SK.188(no sherd ID but context ID),SAS27IAE,SAS27,SAS,Sasai,Japan,Kyushu,33.35,130.27,Early Yayoi,Yayoi,ceramic,5.96,,,,no,no,2021_07_19_MB,no,no,no,,,33.45,0,,,
118,ENC303,SAS.5.SK.188(no sherd ID but context ID),SAS28IAE,SAS28,SAS,Sasai,Japan,Kyushu,33.35,130.27,Early Yayoi,Yayoi,ceramic,8.95,-29.651,-29.444,0.207,no,no,2021_07_19_MB,no,tr,no,,,33.45,0,,,
119,ENC304,SAS.5.SK.188(no sherd ID but context ID),SAS29IAE,SAS29,SAS,Sasai,Japan,Kyushu,33.35,130.27,Early Yayoi,Yayoi,ceramic,4.43,,,,no,no,2021_07_19_MB,no,tr,no,,,33.45,0,,,
120,ENC305,SAS.5.SK.188(no sherd ID but context ID),SAS30IAE,SAS30,SAS,Sasai,Japan,Kyushu,33.35,130.27,Early Yayoi,Yayoi,ceramic,11.46,-26.489,-26.079,0.41,no,no,2021_07_19_MB,no,tr,tr,,,33.45,0,,,
121,ENC306,SAS.5.SK.188(no sherd ID but context ID),SAS31IAE,SAS31,SAS,Sasai,Japan,Kyushu,33.35,130.27,Early Yayoi,Yayoi,ceramic,26.43,-30.088,-29.668,0.42,no,no,2021_07_19_MB,no,tr,no,,,33.45,0,,,
122,ENC307,SAS.5.SK.188(no sherd ID but context ID),SAS32IAE,SAS32,SAS,Sasai,Japan,Kyushu,33.35,130.27,Early Yayoi,Yayoi,ceramic,4,,,,no,no,2021_07_19_MB,no,yes,no,,,37.03350588,0,,,
123,ENC308,SAS.5.SK.188(no sherd ID but context ID),SAS33IAE,SAS33,SAS,Sasai,Japan,Kyushu,33.35,130.27,Early Yayoi,Yayoi,ceramic,5.54,,,,no,no,2021_07_19_MB,no,tr,no,,,37.03350588,0,,,
124,ENC724,FJ79,SAS34FIAE,SAS34FI,SAS,Sasai,Japan,Kyushu,33.35,130.27,Initial Yayoi,Yayoi,foodcrust,227.06,,,,no,no,2024_05_20_JL_DB5_KNI_SAS_NBK_TKD,yes ,no,no,,,36.88875302,0,,,
125,ENC725,FJ86,SAS35FIAE,SAS35FI,SAS,Sasai,Japan,Kyushu,33.35,130.27,Initial Yayoi,Yayoi,foodcrust,4326.43,-29.351,-29.022,0.329,no,no,2024_05_20_JL_DB5_KNI_SAS_NBK_TKD,yes ,no,yes ,90.8,,167016,0,,,
126,ENC729,FJ0408,NBK001FIAE,NBK001FI,NBK,Nabatake,Japan,Kyushu,33.45,129.95,Initial Yayoi ,Yayoi,foodcrust,80.78,-27.636,-28.212,-0.576,no,no,2024_05_20_JL_DB5_KNI_SAS_NBK_TKD,yes ,no ,yes ,63.8,,107375,3886,4.68,0.036,
127,ENC730,FJ0412,NBK002FIAE,NBK002FI,NBK,Nabatake,Japan,Kyushu,33.45,129.95,Initial Yayoi ,Yayoi,foodcrust,440.91,-23.735,-24.605,-0.87,no,yes,2024_05_20_JL_DB5_KNI_SAS_NBK_TKD,yes ,no ,yes ,56.3,,41385,6407,5.23,0.155,
128,ENC731,FJ0415,NBK003FIAE,NBK003FI,NBK,Nabatake,Japan,Kyushu,33.45,129.95,Early Yayoi ,Yayoi,foodcrust,325.23,-32.55,-32.475,0.075,no,no,2024_05_20_JL_DB5_KNI_SAS_NBK_TKD,yes ,no ,yes ,80.5,,1921365,19181,5.61,0.01,
129,ENC732,FJ0423,NBK004FIAE,NBK004FI,NBK,Nabatake,Japan,Kyushu,33.45,129.95,Early Yayoi ,Yayoi,foodcrust,109.94,-21.404,-21.351,0.054,no,no,2024_05_20_JL_DB5_KNI_SAS_NBK_TKD,yes ,no ,yes ,57.4,,60826,2460,3.11,0.04,
130,ENC733,FJ-0409,NBK005FIAE,NBK005FI,NBK,Nabatake,Japan,Kyushu,33.45,129.95,Early Yayoi ,Yayoi,foodcrust,7313.87,-24.96,-25.927,-0.967,no,yes,,yes ,yes ,yes ,61,,114424,18280,8.01,0.16,
131,ENC734,FJ-0418,NBK006FIAE,NBK006FI,NBK,Nabatake,Japan,Kyushu,33.45,129.95,Early Yayoi ,Yayoi,foodcrust,7333.83,-22.889,-23.522,-0.632,no,yes,,yes ,yes ,yes ,64.1,,159952,25859,7.73,0.162,
132,ENC735,FJ-0420,NBK007FIAE,NBK007FI,NBK,Nabatake,Japan,Kyushu,33.45,129.95,Early Yayoi ,Yayoi,foodcrust,436.69,-26.234,-25.789,0.445,no,no,,yes ,no ,yes ,56,,15977,0,3.55,,
133,ENC736,FJ-0422,NBK008FIAE,NBK008FI,NBK,Nabatake,Japan,Kyushu,33.45,129.95,Early Yayoi ,Yayoi,foodcrust,3173.06,-21.156,-22.095,-0.939,no,yes,,yes ,yes ,yes ,68.9,,86875,20620,3.52,0.237,
134,ENC737,FJ-0424,NBK009FIAE,NBK009FI,NBK,Nabatake,Japan,Kyushu,33.45,129.95,Early Yayoi ,Yayoi,foodcrust,1267.46,-31.331,-31.604,-0.274,no,no,,yes ,no ,yes ,68.9,,64336,0,10.36,,
135,ENC738,FJ-0425,NBK010FIAE,NBK010FI,NBK,Nabatake,Japan,Kyushu,33.45,129.95,Early Yayoi ,Yayoi,foodcrust,408.9,-33.369,-32.278,1.091,no,no,,yes ,no ,yes ,42.7,,73753,3478,4.01,0.047,
136,ENC739,FJ-0428a,NBK011FIAE,NBK011FI,NBK,Nabatake,Japan,Kyushu,33.45,129.95,Early Yayoi ,Yayoi,foodcrust,463.13,-22.791,-24.435,-1.643,no,no,,yes ,no ,yes ,66.9,,,0,,,
137,ENC740,FJ-0428b,NBK012FIAE,NBK012FI,NBK,Nabatake,Japan,Kyushu,33.45,129.95,Early Yayoi ,Yayoi,foodcrust,908.07,-23.468,-24.003,-0.535,no,yes,,yes ,yes ,yes ,62.3,,26442,11098,4.06,0.42,
138,ENC741,FJ-0413,NBK013FIAE,NBK013FI,NBK,Nabatake,Japan,Kyushu,33.45,129.95,Early Yayoi ,Yayoi,foodcrust,103.44,,,,no,no,,yes ,yes ,yes ,50.6,,3458,0,4.78,0,
139,,웅덩이(cotext name),MJR_29_SS20201126,MJR29,MJR,Majeon-ri,Korea,Hoseo,37.034,127.346,Late Bronze,Mumun,ceramic,42,-25.89,-26.09,-0.19,no,yes,,,,,93.6,,,,2.9,,
140,,웅덩이(cotext name),MJR_43_SS20201130,MJR43,MJR,Majeon-ri,Korea,Hoseo,37.034,127.346,Late Bronze,Mumun,ceramic,154,-26.29,-25.72,0.57,yes,yes,,,,,77,,,,3.5,,
141,,웅덩이(cotext name),MJR_44_SS20201130,MJR44,MJR,Majeon-ri,Korea,Hoseo,37.034,127.346,Late Bronze,Mumun,ceramic,21,-25.79,-26.33,-0.54,yes,yes,,,,,100,,,,4.2,,
142,,KC-002(no sherd ID but context ID),DPR_001_SS20201111,DPR001,DPR,Daepyong-ri,Korea,Hoseo,36.889,127.293,Early Bronze ,Mumun,ceramic,11,-30.01,-29.73,0.29,no,no,,,,,,,,,,,
143,,KC-002(no sherd ID but context ID),DPR002IAE,DPR002,DPR,Daepyong-ri,Korea,Hoseo,36.889,127.293,Early Bronze ,Mumun,ceramic,4,,,,no,no,,,,,,,,,,,
144,,KC-002(no sherd ID but context ID),DPR_003_SS20201111,DPR003,DPR,Daepyong-ri,Korea,Hoseo,36.889,127.293,Early Bronze ,Mumun,ceramic,8,-28.36,-29.32,-0.96,no,no,,,,,,,,,,,
145,,KC-002(no sherd ID but context ID),DPR004IAE,DPR004,DPR,Daepyong-ri,Korea,Hoseo,36.889,127.293,Early Bronze ,Mumun,ceramic,5,,,,no,no,,,,,,,,,,,
146,,KC-002(no sherd ID but context ID),DPR005IAE,DPR005,DPR,Daepyong-ri,Korea,Hoseo,36.889,127.293,Early Bronze ,Mumun,ceramic,5,,,,no,no,,,,,,,,,,,
147,,KC-005(no sherd ID but context ID),DPR006IAE,DPR006,DPR,Daepyong-ri,Korea,Hoseo,36.889,127.293,Early Bronze ,Mumun,ceramic,3,,,,no,no,,,,,,,,,,,
148,,KC-005(no sherd ID but context ID),DPR_007_SS20201106,DPR007,DPR,Daepyong-ri,Korea,Hoseo,36.889,127.293,Early Bronze ,Mumun,ceramic,111,-24.36,-24.07,0.28,yes,no,,,,,,,,,,,
149,,KC-005(no sherd ID but context ID),DPR_008_SS20201106,DPR008,DPR,Daepyong-ri,Korea,Hoseo,36.889,127.293,Early Bronze ,Mumun,ceramic,45,-27.63,-26.82,0.8,yes,no,,,,,,,,,10.44,,
150,,KC-005(no sherd ID but context ID),DPR_009_SS20201106,DPR009,DPR,Daepyong-ri,Korea,Hoseo,36.889,127.293,Early Bronze ,Mumun,ceramic,75,-24.16,-23.85,0.3,yes,no,,,,,,,,,9.45,,
151,,KC-004(no sherd ID but context ID),DPR010IAE,DPR010,DPR,Daepyong-ri,Korea,Hoseo,36.889,127.293,Early Bronze ,Mumun,ceramic,5,,,,no,no,,,,,,,,,,,
152,,KC-004(no sherd ID but context ID),DPR_011_SS20201106,DPR011,DPR,Daepyong-ri,Korea,Hoseo,36.889,127.293,Early Bronze ,Mumun,ceramic,19,-17.35,-18.53,-1.17,yes,no,,,,,,,,,2.2,,
153,,KC-004(no sherd ID but context ID),DPR012IAE,DPR012,DPR,Daepyong-ri,Korea,Hoseo,36.889,127.293,Early Bronze ,Mumun,ceramic,6,,,,no,no,,,,,,,,,,,
154,,KC-008(no sherd ID but context ID),DPR_013_SS20201106,DPR013,DPR,Daepyong-ri,Korea,Hoseo,36.889,127.293,Early Bronze ,Mumun,ceramic,12,-29.45,-29.83,-0.38,no,no,,,,,,,,,,,
155,,KC-008(no sherd ID but context ID),DPR_014_SS20201106,DPR014,DPR,Daepyong-ri,Korea,Hoseo,36.889,127.293,Early Bronze ,Mumun,ceramic,9,-29.17,-29.8,-0.63,no,no,,,,,,,,,,,
156,,KC-008(no sherd ID but context ID),DPR015IAE,DPR015,DPR,Daepyong-ri,Korea,Hoseo,36.889,127.293,Early Bronze ,Mumun,ceramic,5,,,,no,no,,,,,,,,,,,
157,,KC-008(no sherd ID but context ID),DPR-016_IAE,DPR016,DPR,Daepyong-ri,Korea,Hoseo,36.889,127.293,Early Bronze ,Mumun,ceramic,8,-29.92,-30.62,-0.7,yes,no,,,,,,,,,,,
158,,KC-008(no sherd ID but context ID),DPR-017_IAE,DPR017,DPR,Daepyong-ri,Korea,Hoseo,36.889,127.293,Early Bronze ,Mumun,ceramic,6,-29.22,-30.19,-0.97,no,no,,,,,,,,,,,
159,,KC-008(no sherd ID but context ID),DPR-018IAE,DPR018,DPR,Daepyong-ri,Korea,Hoseo,36.889,127.293,Early Bronze ,Mumun,ceramic,11,,,,no,no,,,,,,,,,,,
160,,KC-010(no sherd ID but context ID),DPR_019,DPR019,DPR,Daepyong-ri,Korea,Hoseo,36.889,127.293,Early Bronze ,Mumun,ceramic,19,-25.18,-24.15,1.02,no,no,,,,,,,,,9.78,,
161,,KC-010(no sherd ID but context ID),DPR021IAE,DPR021,DPR,Daepyong-ri,Korea,Hoseo,36.889,127.293,Early Bronze ,Mumun,ceramic,6,,,,no,no,,,,,,,,,,,
162,,KC-010(no sherd ID but context ID),DPR022IAE,DPR022,DPR,Daepyong-ri,Korea,Hoseo,36.889,127.293,Early Bronze ,Mumun,ceramic,6,,,,no,no,,,,,,,,,,,
163,,KC-012(no sherd ID but context ID),DPR023IAE,DPR023,DPR,Daepyong-ri,Korea,Hoseo,36.889,127.293,Early Bronze ,Mumun,ceramic,8,,,,yes,no,,,,,,,,,,,
164,,KC-012(no sherd ID but context ID),DPR024IAE,DPR024,DPR,Daepyong-ri,Korea,Hoseo,36.889,127.293,Early Bronze ,Mumun,ceramic,8,,,,no,no,,,,,,,,,,,
165,,KC-013(no sherd ID but context ID),DPR-025_IAE,DPR025,DPR,Daepyong-ri,Korea,Hoseo,36.889,127.293,Early Bronze ,Mumun,ceramic,7,-29.31,-30.08,-0.77,no,no,,,,,,,,,,,
166,,KC-013(no sherd ID but context ID),DPR_026_SS20201111,DPR026,DPR,Daepyong-ri,Korea,Hoseo,36.889,127.293,Early Bronze ,Mumun,ceramic,8,-26.33,-25.64,0.69,no,no,,,,,,,,,,,
167,,KC-013(no sherd ID but context ID),DPR027IAE,DPR027,DPR,Daepyong-ri,Korea,Hoseo,36.889,127.293,Early Bronze ,Mumun,ceramic,8,,,,no,no,,,,,,,,,,,
168,,KC-016(no sherd ID but context ID),DPR028IAE,DPR028,DPR,Daepyong-ri,Korea,Hoseo,36.889,127.293,Early Bronze ,Mumun,ceramic,7,,,,no,no,,,,,,,,,,,
169,,KC-016(no sherd ID but context ID),DPR029IAE,DPR029,DPR,Daepyong-ri,Korea,Hoseo,36.889,127.293,Early Bronze ,Mumun,ceramic,7,,,,yes,no,,,,,,,,,,,
170,,KC-016(no sherd ID but context ID),DPR030IAE,DPR030,DPR,Daepyong-ri,Korea,Hoseo,36.889,127.293,Early Bronze ,Mumun,ceramic,6,,,,no,no,,,,,,,,,,,
171,,KC-017(no sherd ID but context ID),DPR_031_SS20201111,DPR031,DPR,Daepyong-ri,Korea,Hoseo,36.889,127.293,Early Bronze ,Mumun,ceramic,23,-26.77,-26,0.77,no,no,,,,,,,,,8.46,,
172,,KC-017(no sherd ID but context ID),DPR_032_SS20201111,DPR032,DPR,Daepyong-ri,Korea,Hoseo,36.889,127.293,Early Bronze ,Mumun,ceramic,26,-24.29,-25.72,-1.43,no,no,,,,,,,,,7.03,,
173,,KC-017(no sherd ID but context ID),DPR-033_IAE,DPR033,DPR,Daepyong-ri,Korea,Hoseo,36.889,127.293,Early Bronze ,Mumun,ceramic,9,-28.77,-29.91,-1.14,no,no,,,,,,,,,,,
174,,KC-017(no sherd ID but context ID),DPR034IAE,DPR034,DPR,Daepyong-ri,Korea,Hoseo,36.889,127.293,Early Bronze ,Mumun,ceramic,10,,,,no,no,,,,,,,,,,,
175,,KC-013(no sherd ID but context ID),JKR01,JKR01,JKR,Jukyo-ri,Korea,Hoseo,36.397,126.555,Early Bronze ,Mumun,ceramic,28.35,-26.83,-24.75,2.08,no,no,,,,,,,,,,,
176,,KC-012(no sherd ID but context ID),JKR02,JKR02,JKR,Jukyo-ri,Korea,Hoseo,36.397,126.555,Early Bronze ,Mumun,ceramic,5.91,,,,no,no,,,,,,,,,,,
177,,KC-008(no sherd ID but context ID),JKR03,JKR03,JKR,Jukyo-ri,Korea,Hoseo,36.397,126.555,Early Bronze ,Mumun,ceramic,7.96,,,,no,no,,,,,,,,,,,
178,,KC-008(no sherd ID but context ID),JKR04,JKR04,JKR,Jukyo-ri,Korea,Hoseo,36.397,126.555,Early Bronze ,Mumun,ceramic,57.48,-27.16,-26.05,1.11,no,no,,,,,100,,,,14.8,,
179,,KC-018(no sherd ID but context ID),JKR05,JKR05,JKR,Jukyo-ri,Korea,Hoseo,36.397,126.555,Early Bronze ,Mumun,ceramic,4.85,,,,no,no,,,,,,,,,,,
180,,KC-014(no sherd ID but context ID),JKR06,JKR06,JKR,Jukyo-ri,Korea,Hoseo,36.397,126.555,Early Bronze ,Mumun,ceramic,8.98,,,,no,no,,,,,,,,,,,
181,,KC-018(no sherd ID but context ID),JKR07,JKR07,JKR,Jukyo-ri,Korea,Hoseo,36.397,126.555,Early Bronze ,Mumun,ceramic,6.07,,,,no,no,,,,,,,,,,,
182,,KC-013(no sherd ID but context ID),JKR08,JKR08,JKR,Jukyo-ri,Korea,Hoseo,36.397,126.555,Early Bronze ,Mumun,ceramic,8.97,,,,no,no,,,,,,,,,,,
183,,KC-018(no sherd ID but context ID),JKR09,JKR09,JKR,Jukyo-ri,Korea,Hoseo,36.397,126.555,Early Bronze ,Mumun,ceramic,8.09,,,,no,no,,,,,,,,,,,
184,,KC-013(no sherd ID but context ID),JKR10,JKR10,JKR,Jukyo-ri,Korea,Hoseo,36.397,126.555,Early Bronze ,Mumun,ceramic,42.11,-26.7,-24.9,1.8,no,no,,,,,,,,,,,
185,,KC-018(no sherd ID but context ID),JKR11,JKR11,JKR,Jukyo-ri,Korea,Hoseo,36.397,126.555,Early Bronze ,Mumun,ceramic,13.07,-29.56,-29.53,0.03,no,no,,,,,,,,,,,
186,,KC-013(no sherd ID but context ID),JKR12,JKR12,JKR,Jukyo-ri,Korea,Hoseo,36.397,126.555,Early Bronze ,Mumun,ceramic,7.38,-28.65,-29.2,-0.55,yes,no,,,,,,,,,,,
187,,KC-018(no sherd ID but context ID),KCR01,KCR01,KCR,Kwanchang-ri,Korea,Hoseo,36.377,126.578,Late Bronze,Mumun,ceramic,5.83,,,,no,no,,,,,,,,,,,
188,,KC-052(no sherd ID but context ID),KCR02,KCR02,KCR,Kwanchang-ri,Korea,Hoseo,36.377,126.578,Late Bronze,Mumun,ceramic,9.25,,,,no,no,,,,,,,,,,,
189,,KC-082(no sherd ID but context ID),KCR03,KCR03,KCR,Kwanchang-ri,Korea,Hoseo,36.377,126.578,Late Bronze,Mumun,ceramic,5.09,,,,no,no,,,,,,,,,,,
190,,KC-063(no sherd ID but context ID),KCR04,KCR04,KCR,Kwanchang-ri,Korea,Hoseo,36.377,126.578,Late Bronze,Mumun,ceramic,4.77,,,,yes,no,,,,,,,,,,,
191,,KC-035(no sherd ID but context ID),KCR05,KCR05,KCR,Kwanchang-ri,Korea,Hoseo,36.377,126.578,Late Bronze,Mumun,ceramic,10.68,,,,no,no,,,,,,,,,,,
192,,KC-081(no sherd ID but context ID),KCR06,KCR06,KCR,Kwanchang-ri,Korea,Hoseo,36.377,126.578,Late Bronze,Mumun,ceramic,11.57,,,,no,no,,,,,,,,,,,
193,,KC-038(no sherd ID but context ID),KCR07,KCR07,KCR,Kwanchang-ri,Korea,Hoseo,36.377,126.578,Late Bronze,Mumun,ceramic,3.63,,,,no,no,,,,,,,,,,,
194,,KC-042(no sherd ID but context ID),KCR08,KCR08,KCR,Kwanchang-ri,Korea,Hoseo,36.377,126.578,Late Bronze,Mumun,ceramic,7.68,,,,no,no,,,,,,,,,,,
195,,KC-042(no sherd ID but context ID),KCR09,KCR09,KCR,Kwanchang-ri,Korea,Hoseo,36.377,126.578,Late Bronze,Mumun,ceramic,6.87,,,,no,no,,,,,,,,,,,
196,,KC-036(no sherd ID but context ID),KCR10,KCR10,KCR,Kwanchang-ri,Korea,Hoseo,36.377,126.578,Late Bronze,Mumun,ceramic,7.68,,,,no,no,,,,,,,,,,,
197,,수로(cotext name),MJR01,MJR01,MJR,Majeon-ri,Korea,Hoseo,37.034,127.346,Late Bronze,Mumun,ceramic,25.08,-29,-29.45,-0.45,no,no,,,,,,,,,,,Heron et al. 2016
198,,웅덩이(cotext name),MJR02,MJR02,MJR,Majeon-ri,Korea,Hoseo,37.034,127.346,Late Bronze,Mumun,ceramic,119.95,-27.28,-25.63,1.65,yes,no,,,,,,,,,,,Heron et al. 2016
199,,웅덩이(cotext name),MJR03,MJR03,MJR,Majeon-ri,Korea,Hoseo,37.034,127.346,Late Bronze,Mumun,ceramic,28.98,,,,yes,no,,,,,,,,,,,Heron et al. 2016
200,,웅덩이(cotext name),MJR05,MJR05,MJR,Majeon-ri,Korea,Hoseo,37.034,127.346,Late Bronze,Mumun,ceramic,19.51,,,,no,no,,,,,,,,,,,Heron et al. 2016
201,,웅덩이(cotext name),MJR06,MJR06,MJR,Majeon-ri,Korea,Hoseo,37.034,127.346,Late Bronze,Mumun,ceramic,154.56,-19.64,-17.88,1.76,no,no,,,,,100,,,,15.2,,Heron et al. 2016
202,,수로(cotext name),MJR07,MJR07,MJR,Majeon-ri,Korea,Hoseo,37.034,127.346,Late Bronze,Mumun,ceramic,25.18,,,,no,no,,,,,70,,,,0.6,,Heron et al. 2016
203,,웅덩이(cotext name),MJR08,MJR08,MJR,Majeon-ri,Korea,Hoseo,37.034,127.346,Late Bronze,Mumun,ceramic,38.11,-26.84,-27.13,-0.29,yes,no,,,,,,,,,,,Heron et al. 2016
204,,웅덩이(cotext name),MJR09,MJR09,MJR,Majeon-ri,Korea,Hoseo,37.034,127.346,Late Bronze,Mumun,ceramic,117.49,-25.38,-22.72,2.66,yes,no,,,,,,,,,,,Heron et al. 2016
205,,웅덩이(cotext name),MJR10,MJR10,MJR,Majeon-ri,Korea,Hoseo,37.034,127.346,Late Bronze,Mumun,ceramic,122.96,-19.33,-20.04,-0.71,yes,no,,,,,,,,,,,Heron et al. 2016
206,,수로(cotext name),MJR11,MJR11,MJR,Majeon-ri,Korea,Hoseo,37.034,127.346,Late Bronze,Mumun,ceramic,18.62,,,,yes,no,,,,,,,,,,,Heron et al. 2016
207,,웅덩이(cotext name),MJR12,MJR12,MJR,Majeon-ri,Korea,Hoseo,37.034,127.346,Late Bronze,Mumun,ceramic,32.3,-21.7,-23.22,-1.53,yes,no,,,,,,,,,,,Heron et al. 2016
208,,웅덩이(cotext name),MJR13,MJR13,MJR,Majeon-ri,Korea,Hoseo,37.034,127.346,Late Bronze,Mumun,ceramic,17.03,,,,no,no,,,,,,,,,,,Heron et al. 2016
209,,웅덩이(cotext name),MJR14,MJR14,MJR,Majeon-ri,Korea,Hoseo,37.034,127.346,Late Bronze,Mumun,ceramic,18.68,,,,no,no,,,,,,,,,,,Heron et al. 2016
210,,웅덩이(cotext name),MJR15,MJR15,MJR,Majeon-ri,Korea,Hoseo,37.034,127.346,Late Bronze,Mumun,ceramic,23.07,,,,no,no,,,,,,,,,,,Heron et al. 2016
211,,수문(cotext name),MJR_16_SS20201111,MJR16,MJR,Majeon-ri,Korea,Hoseo,37.034,127.346,Late Bronze,Mumun,ceramic,11,-27.01,-28.84,-1.83,no,no,,,,,,,,,,,
212,,수문(cotext name),MJR17IAE,MJR17,MJR,Majeon-ri,Korea,Hoseo,37.034,127.346,Late Bronze,Mumun,ceramic,11,,,,no,no,,,,,,,,,,,
213,,수문(cotext name),MJR18IAE,MJR18,MJR,Majeon-ri,Korea,Hoseo,37.034,127.346,Late Bronze,Mumun,ceramic,13,,,,no,no,,,,,,,,,,,
214,,수문(cotext name),MJR19IAE,MJR19,MJR,Majeon-ri,Korea,Hoseo,37.034,127.346,Late Bronze,Mumun,ceramic,7,,,,no,no,,,,,,,,,,,
215,,수로(cotext name),MJR_20_SS20201126,MJR20,MJR,Majeon-ri,Korea,Hoseo,37.034,127.346,Late Bronze,Mumun,ceramic,15,-29.18,-29.85,-0.67,yes,no,,,,,100,,,,5.92,,
216,,수로(cotext name),MJR21IAE,MJR21,MJR,Majeon-ri,Korea,Hoseo,37.034,127.346,Late Bronze,Mumun,ceramic,17,,,,yes,yes,,,,,78,,,,5.1,,
217,,수로(cotext name),MJR_22_SS20201126,MJR22,MJR,Majeon-ri,Korea,Hoseo,37.034,127.346,Late Bronze,Mumun,ceramic,84,-28.17,-26.96,1.21,no,no,,,,,100,,,,4.4,,
218,,수로(cotext name),MJR23IAE,MJR23,MJR,Majeon-ri,Korea,Hoseo,37.034,127.346,Late Bronze,Mumun,ceramic,6,,,,no,no,,,,,,,,,,,
219,,수로(cotext name),MJR24IAE,MJR24,MJR,Majeon-ri,Korea,Hoseo,37.034,127.346,Late Bronze,Mumun,ceramic,9,,,,no,no,,,,,,,,,,,
220,,수로(cotext name),MJR25IAE,MJR25,MJR,Majeon-ri,Korea,Hoseo,37.034,127.346,Late Bronze,Mumun,ceramic,6,,,,no,no,,,,,,,,,,,
221,,수로(cotext name),MJR26IAE,MJR26,MJR,Majeon-ri,Korea,Hoseo,37.034,127.346,Late Bronze,Mumun,ceramic,6,,,,yes,no,,,,,,,,,,,
222,,수로(cotext name),MJR_27_SS20201126,MJR27,MJR,Majeon-ri,Korea,Hoseo,37.034,127.346,Late Bronze,Mumun,ceramic,32,-24.16,-26.38,-2.22,no,no,,,,,,,,,,,
223,,웅덩이(cotext name),MJR28IAE,MJR28,MJR,Majeon-ri,Korea,Hoseo,37.034,127.346,Late Bronze,Mumun,ceramic,5,,,,yes,no,,,,,,,,,,,
224,,웅덩이(cotext name),MJR_38_SS20201126,MJR38,MJR,Majeon-ri,Korea,Hoseo,37.034,127.346,Late Bronze,Mumun,ceramic,106,-26.79,-25.75,1.04,no,yes,,,,,85.7,,,,8.47,,
225,,웅덩이(cotext name),MJR30IAE,MJR30,MJR,Majeon-ri,Korea,Hoseo,37.034,127.346,Late Bronze,Mumun,ceramic,7,,,,no,yes,,,,,,,,,4.4,,
226,,웅덩이(cotext name),MJR31IAE,MJR31,MJR,Majeon-ri,Korea,Hoseo,37.034,127.346,Late Bronze,Mumun,ceramic,6,,,,no,no,,,,,,,,,,,
227,,웅덩이(cotext name),MJR32IAE,MJR32,MJR,Majeon-ri,Korea,Hoseo,37.034,127.346,Late Bronze,Mumun,ceramic,7,,,,no,no,,,,,,,,,,,
228,,웅덩이(cotext name),MJR33IAE,MJR33,MJR,Majeon-ri,Korea,Hoseo,37.034,127.346,Late Bronze,Mumun,ceramic,6,,,,no,no,,,,,,,,,,,
229,,웅덩이(cotext name),MJR_34_SS20201126,MJR34,MJR,Majeon-ri,Korea,Hoseo,37.034,127.346,Late Bronze,Mumun,ceramic,30,-25.98,-25.93,0.04,yes,no,,,,,82.2,,,,2.7,,
230,,웅덩이(cotext name),MJR35IAE,MJR35,MJR,Majeon-ri,Korea,Hoseo,37.034,127.346,Late Bronze,Mumun,ceramic,8,,,,yes,no,,,,,,,,,,,
231,,웅덩이(cotext name),MJR36IAE,MJR36,MJR,Majeon-ri,Korea,Hoseo,37.034,127.346,Late Bronze,Mumun,ceramic,5,,,,no,no,,,,,,,,,,,
232,,웅덩이(cotext name),MJR-037_IAE,MJR37,MJR,Majeon-ri,Korea,Hoseo,37.034,127.346,Late Bronze,Mumun,ceramic,6,-30.14,-30.83,-0.69,no,no,,,,,,,,,,,
233,,수로(cotext name),MJR04,MJR04,MJR,Majeon-ri,Korea,Hoseo,37.034,127.346,Late Bronze,Mumun,ceramic,109.35,-26.75,-25.7,1.05,no,yes,,,,,100,,,,13.4,,Heron et al. 2016
234,,웅덩이(cotext name),MJR_39_SS20201126,MJR39,MJR,Majeon-ri,Korea,Hoseo,37.034,127.346,Late Bronze,Mumun,ceramic,80,-26.96,-24.6,2.37,no,no,,,,,74.7,,,,4.12,,
235,,웅덩이(cotext name),MJR40IAE,MJR40,MJR,Majeon-ri,Korea,Hoseo,37.034,127.346,Late Bronze,Mumun,ceramic,4,,,,no,no,,,,,,,,,,,
236,,웅덩이(cotext name),MJR41IAE,MJR41,MJR,Majeon-ri,Korea,Hoseo,37.034,127.346,Late Bronze,Mumun,ceramic,14,,,,yes,no,,,,,,,,,,,
237,,웅덩이(cotext name),MJR42IAE,MJR42,MJR,Majeon-ri,Korea,Hoseo,37.034,127.346,Late Bronze,Mumun,ceramic,7,,,,no,no,,,,,,,,,,,
238,,KC-010(no sherd ID but context ID),DPR_020_SS20201111,DPR020,DPR,Daepyong-ri,Korea,Hoseo,36.889,127.293,Early Bronze ,Mumun,ceramic,15,-29.07,-29.57,-0.5,no,yes,,,,,,,,,14.2,,
239,,KC-015(no sherd ID but context ID),MSR01,MSR01,MSR,Misa-ri,Korea,Gyeonggi,37.578,127.202,Early Bronze ,Mumun,ceramic,13.96,,,,no,no,,,,,,,,,,,
240,,KC-015 group1(no sherd ID but context ID),MSR02,MSR02,MSR,Misa-ri,Korea,Gyeonggi,37.578,127.202,Early Bronze ,Mumun,ceramic,18.93,-27.63,-28.84,-1.21,no,no,,,,,,,,,,,
241,,KC-015 No.4,MSR03,MSR03,MSR,Misa-ri,Korea,Gyeonggi,37.578,127.202,Early Bronze ,Mumun,ceramic,10.11,-24.98,-25.64,-0.66,no,no,,,,,,,,,,,
242,,KC-015.13,MSR04,MSR04,MSR,Misa-ri,Korea,Gyeonggi,37.578,127.202,Early Bronze ,Mumun,ceramic,20.33,-27.42,-28.02,-0.6,no,no,,,,,,,,,,,
243,,KC-018 No.1,MSR05,MSR05,MSR,Misa-ri,Korea,Gyeonggi,37.578,127.202,Early Bronze ,Mumun,ceramic,18.81,-25.5,-26.29,-0.79,yes,no,,,,,,,,,,,
244,,KC-018 No.4,MSR06,MSR06,MSR,Misa-ri,Korea,Gyeonggi,37.578,127.202,Early Bronze ,Mumun,ceramic,42.8,,,,yes,no,,,,,,,,,,,
245,,KC-018 No.18,MSR07,MSR07,MSR,Misa-ri,Korea,Gyeonggi,37.578,127.202,Early Bronze ,Mumun,ceramic,71.04,-25.93,-24.59,1.34,yes,no,,,,,,,,,0.6,,
246,,KC-018 No.17,MSR08,MSR08,MSR,Misa-ri,Korea,Gyeonggi,37.578,127.202,Early Bronze ,Mumun,ceramic,12.71,,,,yes,no,,,,,,,,,,,
247,,KC-018 No.35,MSR09,MSR09,MSR,Misa-ri,Korea,Gyeonggi,37.578,127.202,Early Bronze ,Mumun,ceramic,29.89,-25.72,-25.09,0.63,no,no,,,,,,,,,,,
248,,KC-015(no sherd ID but context ID),MSR10,MSR10,MSR,Misa-ri,Korea,Gyeonggi,37.578,127.202,Early Bronze ,Mumun,ceramic,16.94,,,,no,no,,,,,,,,,,,
249,,KC-001(no sherd ID but context ID),SDR01,SDR01,SDR,Songdam-ri,Korea,Hoseo,36.498,127.268,Early Bronze ,Mumun,ceramic,10.67,,,,no,no,,,,,,,,,,,
250,,KC-001(no sherd ID but context ID),SDR02,SDR02,SDR,Songdam-ri,Korea,Hoseo,36.498,127.268,Early Bronze ,Mumun,ceramic,11.53,,,,no,no,,,,,,,,,,,
251,,KC-001(no sherd ID but context ID),SDR03,SDR03,SDR,Songdam-ri,Korea,Hoseo,36.498,127.268,Early Bronze ,Mumun,ceramic,22.4,,,,no,no,,,,,,,,,,,
252,,KC-001(no sherd ID but context ID),SDR04,SDR04,SDR,Songdam-ri,Korea,Hoseo,36.498,127.268,Early Bronze ,Mumun,ceramic,8.08,,,,no,no,,,,,,,,,,,
253,,KC-001(no sherd ID but context ID),SDR05,SDR05,SDR,Songdam-ri,Korea,Hoseo,36.498,127.268,Early Bronze ,Mumun,ceramic,9.59,,,,no,no,,,,,,,,,,,
254,,KC-001(no sherd ID but context ID),SDR06,SDR06,SDR,Songdam-ri,Korea,Hoseo,36.498,127.268,Early Bronze ,Mumun,ceramic,24.22,,,,no,no,,,,,,,,,,,
255,,KC-001(no sherd ID but context ID),SDR07,SDR07,SDR,Songdam-ri,Korea,Hoseo,36.498,127.268,Early Bronze ,Mumun,ceramic,9.92,,,,no,no,,,,,,,,,,,
256,,KC-031(no sherd ID but context ID),SWR01,SWR01,SWR,Songwon-ri,Korea,Hoseo,36.498,127.268,Early Bronze ,Mumun,ceramic,12.69,,,,no,no,,,,,,,,,,,
257,,KC-014(no sherd ID but context ID),SWR02,SWR02,SWR,Songwon-ri,Korea,Hoseo,36.498,127.268,Early Bronze ,Mumun,ceramic,8.49,,,,no,no,,,,,,,,,,,
258,,KC-035(no sherd ID but context ID),SWR03,SWR03,SWR,Songwon-ri,Korea,Hoseo,36.498,127.268,Early Bronze ,Mumun,ceramic,19.73,,,,no,no,,,,,,,,,,,
259,,KC-035(no sherd ID but context ID),SWR04,SWR04,SWR,Songwon-ri,Korea,Hoseo,36.498,127.268,Early Bronze ,Mumun,ceramic,6.53,,,,no,no,,,,,,,,,,,
260,,KC-050 26,SWR05,SWR05,SWR,Songwon-ri,Korea,Hoseo,36.498,127.268,Early Bronze ,Mumun,ceramic,8.11,,,,no,no,,,,,,,,,,,
261,,,SON002,SON002,SON,Songguk-ri,Korea,Hoseo,36.267,127.028,Early Bronze ,Mumun,,,-27.1,-25.7,1.4,n/a,n/a,n/a,n/a,n/a,n/a,n/a,n/a,n/a,n/a,n/a,n/a,
262,,,SON003,SON003,SON,Songguk-ri,Korea,Hoseo,36.267,127.028,Early Bronze ,Mumun,,,-27.1,-27.6,-0.5,n/a,n/a,n/a,n/a,n/a,n/a,n/a,n/a,n/a,n/a,n/a,n/a,
263,,,SON004,SON004,SON,Songguk-ri,Korea,Hoseo,36.267,127.028,Early Bronze ,Mumun,,,-26.6,-25.9,0.7,n/a,n/a,n/a,n/a,n/a,n/a,n/a,n/a,n/a,n/a,n/a,n/a,
264,,,SON005,SON005,SON,Songguk-ri,Korea,Hoseo,36.267,127.028,Early Bronze ,Mumun,,,-28.7,-31.6,-2.9,n/a,n/a,n/a,n/a,n/a,n/a,n/a,n/a,n/a,n/a,n/a,n/a,
265,,,SON006,SON006,SON,Songguk-ri,Korea,Hoseo,36.267,127.028,Early Bronze ,Mumun,,,-27.6,-26.9,0.7,n/a,n/a,n/a,n/a,n/a,n/a,n/a,n/a,n/a,n/a,n/a,n/a,
266,,,SON012,SON012,SON,Songguk-ri,Korea,Hoseo,36.267,127.028,Early Bronze ,Mumun,,,-28.1,-27.7,0.4,n/a,n/a,n/a,n/a,n/a,n/a,n/a,n/a,n/a,n/a,n/a,n/a,
267,,,SON013,SON013,SON,Songguk-ri,Korea,Hoseo,36.267,127.028,Early Bronze ,Mumun,,,-26.7,-26.4,0.3,n/a,n/a,n/a,n/a,n/a,n/a,n/a,n/a,n/a,n/a,n/a,n/a,
268,,,SON014,SON014,SON,Songguk-ri,Korea,Hoseo,36.267,127.028,Early Bronze ,Mumun,,,-27.9,-29,-1.1,n/a,n/a,n/a,n/a,n/a,n/a,n/a,n/a,n/a,n/a,n/a,n/a,
269,,,SON016,SON016,SON,Songguk-ri,Korea,Hoseo,36.267,127.028,Early Bronze ,Mumun,,,-27.7,-24.7,3,n/a,n/a,n/a,n/a,n/a,n/a,n/a,n/a,n/a,n/a,n/a,n/a,
270,,,SON017,SON017,SON,Songguk-ri,Korea,Hoseo,36.267,127.028,Early Bronze ,Mumun,,,-27.3,-28.4,-1.1,n/a,n/a,n/a,n/a,n/a,n/a,n/a,n/a,n/a,n/a,n/a,n/a,
271,,,SON018,SON018,SON,Songguk-ri,Korea,Hoseo,36.267,127.028,Early Bronze ,Mumun,,,-23.2,-23.9,-0.7,n/a,n/a,n/a,n/a,n/a,n/a,n/a,n/a,n/a,n/a,n/a,n/a,
272,,,SON020,SON020,SON,Songguk-ri,Korea,Hoseo,36.267,127.028,Early Bronze ,Mumun,,,-27.3,-28.6,-1.3,n/a,n/a,n/a,n/a,n/a,n/a,n/a,n/a,n/a,n/a,n/a,n/a,
273,,,SON022,SON022,SON,Songguk-ri,Korea,Hoseo,36.267,127.028,Early Bronze ,Mumun,,,-28.9,-29.3,-0.4,n/a,n/a,n/a,n/a,n/a,n/a,n/a,n/a,n/a,n/a,n/a,n/a,
274,,,SON024,SON024,SON,Songguk-ri,Korea,Hoseo,36.267,127.028,Early Bronze ,Mumun,,,-27.5,-28,-0.5,n/a,n/a,n/a,n/a,n/a,n/a,n/a,n/a,n/a,n/a,n/a,n/a,
275,,,SON025,SON025,SON,Songguk-ri,Korea,Hoseo,36.267,127.028,Early Bronze ,Mumun,,,-30.1,-28.4,1.7,n/a,n/a,n/a,n/a,n/a,n/a,n/a,n/a,n/a,n/a,n/a,n/a,
276,,,SON026,SON026,SON,Songguk-ri,Korea,Hoseo,36.267,127.028,Early Bronze ,Mumun,,,-30,-28.9,1.1,n/a,n/a,n/a,n/a,n/a,n/a,n/a,n/a,n/a,n/a,n/a,n/a,
277,,,SON027,SON027,SON,Songguk-ri,Korea,Hoseo,36.267,127.028,Early Bronze ,Mumun,,,-28.5,-28.1,0.4,n/a,n/a,n/a,n/a,n/a,n/a,n/a,n/a,n/a,n/a,n/a,n/a,
278,,,SS030,SS030,SS,Sosa-dong,Korea,Gyeonggi,36.627,126.746,Late Bronze,Mumun,,,-25.7,-27.3,-1.6,n/a,n/a,n/a,n/a,n/a,n/a,n/a,n/a,n/a,n/a,n/a,n/a,
279,,,SS031,SS031,SS,Sosa-dong,Korea,Gyeonggi,36.627,126.746,Late Bronze,Mumun,,,-26,-27.9,-1.9,n/a,n/a,n/a,n/a,n/a,n/a,n/a,n/a,n/a,n/a,n/a,n/a,
280,,,SS032,SS032,SS,Sosa-dong,Korea,Gyeonggi,36.627,126.746,Late Bronze,Mumun,,,-23.8,-25.7,-1.9,n/a,n/a,n/a,n/a,n/a,n/a,n/a,n/a,n/a,n/a,n/a,n/a,
281,,,SS035,SS035,SS,Sosa-dong,Korea,Gyeonggi,36.627,126.746,Late Bronze,Mumun,,,-29.5,-27.2,2.3,n/a,n/a,n/a,n/a,n/a,n/a,n/a,n/a,n/a,n/a,n/a,n/a,
282,,,SS036,SS036,SS,Sosa-dong,Korea,Gyeonggi,36.627,126.746,Late Bronze,Mumun,,,-22.8,-24.5,-1.7,n/a,n/a,n/a,n/a,n/a,n/a,n/a,n/a,n/a,n/a,n/a,n/a,
283,,,SS037,SS037,SS,Sosa-dong,Korea,Gyeonggi,36.627,126.746,Late Bronze,Mumun,,,-28.8,-28.5,0.3,n/a,n/a,n/a,n/a,n/a,n/a,n/a,n/a,n/a,n/a,n/a,n/a,
284,,,SS038,SS038,SS,Sosa-dong,Korea,Gyeonggi,36.627,126.746,Late Bronze,Mumun,,,-26.5,-24.3,2.2,n/a,n/a,n/a,n/a,n/a,n/a,n/a,n/a,n/a,n/a,n/a,n/a,
285,,,SS039,SS039,SS,Sosa-dong,Korea,Gyeonggi,36.627,126.746,Late Bronze,Mumun,,,-30.7,-28.1,2.6,n/a,n/a,n/a,n/a,n/a,n/a,n/a,n/a,n/a,n/a,n/a,n/a,
286,,,SS040,SS040,SS,Sosa-dong,Korea,Gyeonggi,36.627,126.746,Late Bronze,Mumun,,,-26.2,-23.5,2.7,n/a,n/a,n/a,n/a,n/a,n/a,n/a,n/a,n/a,n/a,n/a,n/a,
287,,,SS041,SS041,SS,Sosa-dong,Korea,Gyeonggi,36.627,126.746,Late Bronze,Mumun,,,-26,-23.6,2.4,n/a,n/a,n/a,n/a,n/a,n/a,n/a,n/a,n/a,n/a,n/a,n/a,
288,,,SS042,SS042,SS,Sosa-dong,Korea,Gyeonggi,36.627,126.746,Late Bronze,Mumun,,,-23.2,-23.9,-0.7,n/a,n/a,n/a,n/a,n/a,n/a,n/a,n/a,n/a,n/a,n/a,n/a,
289,,,SS043,SS043,SS,Sosa-dong,Korea,Gyeonggi,36.627,126.746,Late Bronze,Mumun,,,-26.8,-26.3,0.5,n/a,n/a,n/a,n/a,n/a,n/a,n/a,n/a,n/a,n/a,n/a,n/a,
290,,,SS045,SS045,SS,Sosa-dong,Korea,Gyeonggi,36.627,126.746,Late Bronze,Mumun,,,-28.6,-27.7,0.9,n/a,n/a,n/a,n/a,n/a,n/a,n/a,n/a,n/a,n/a,n/a,n/a,
291,,,SS047,SS047,SS,Sosa-dong,Korea,Gyeonggi,36.627,126.746,Late Bronze,Mumun,,,-29,-27.5,1.5,n/a,n/a,n/a,n/a,n/a,n/a,n/a,n/a,n/a,n/a,n/a,n/a,
292,,,SS048,SS048,SS,Sosa-dong,Korea,Gyeonggi,36.627,126.746,Late Bronze,Mumun,,,-26.1,-23.9,2.2,n/a,n/a,n/a,n/a,n/a,n/a,n/a,n/a,n/a,n/a,n/a,n/a,
293,,,SS049,SS049,SS,Sosa-dong,Korea,Gyeonggi,36.627,126.746,Late Bronze,Mumun,,,-27.4,-24.3,3.1,n/a,n/a,n/a,n/a,n/a,n/a,n/a,n/a,n/a,n/a,n/a,n/a,
294,,,SS050,SS050,SS,Sosa-dong,Korea,Gyeonggi,36.627,126.746,Late Bronze,Mumun,,,-27.9,-23.6,4.3,n/a,n/a,n/a,n/a,n/a,n/a,n/a,n/a,n/a,n/a,n/a,n/a,
295,,,SS051,SS051,SS,Sosa-dong,Korea,Gyeonggi,36.627,126.746,Late Bronze,Mumun,,,-22.3,-21.4,0.9,n/a,n/a,n/a,n/a,n/a,n/a,n/a,n/a,n/a,n/a,n/a,n/a,
296,,,SS054,SS054,SS,Sosa-dong,Korea,Gyeonggi,36.627,126.746,Late Bronze,Mumun,,,-25.2,-25.7,-0.5,n/a,n/a,n/a,n/a,n/a,n/a,n/a,n/a,n/a,n/a,n/a,n/a,
297,,,SS055,SS055,SS,Sosa-dong,Korea,Gyeonggi,36.627,126.746,Late Bronze,Mumun,,,-27.4,-27.4,0,n/a,n/a,n/a,n/a,n/a,n/a,n/a,n/a,n/a,n/a,n/a,n/a,
298,,,SS056,SS056,SS,Sosa-dong,Korea,Gyeonggi,36.627,126.746,Late Bronze,Mumun,,,-24.6,-22.3,2.3,n/a,n/a,n/a,n/a,n/a,n/a,n/a,n/a,n/a,n/a,n/a,n/a,
299,,,SS057,SS057,SS,Sosa-dong,Korea,Gyeonggi,36.627,126.746,Late Bronze,Mumun,,,-25.4,-23,2.4,n/a,n/a,n/a,n/a,n/a,n/a,n/a,n/a,n/a,n/a,n/a,n/a,
300,,,SS058,SS058,SS,Sosa-dong,Korea,Gyeonggi,36.627,126.746,Late Bronze,Mumun,,,-29,-25,4,n/a,n/a,n/a,n/a,n/a,n/a,n/a,n/a,n/a,n/a,n/a,n/a,
301,,,SS060,SS060,SS,Sosa-dong,Korea,Gyeonggi,36.627,126.746,Late Bronze,Mumun,,,-25.8,-24.2,1.6,n/a,n/a,n/a,n/a,n/a,n/a,n/a,n/a,n/a,n/a,n/a,n/a,
302,,,SS062,SS062,SS,Sosa-dong,Korea,Gyeonggi,36.627,126.746,Late Bronze,Mumun,,,-25.9,-23.5,2.4,n/a,n/a,n/a,n/a,n/a,n/a,n/a,n/a,n/a,n/a,n/a,n/a,
303,,,SS063,SS063,SS,Sosa-dong,Korea,Gyeonggi,36.627,126.746,Late Bronze,Mumun,,,-25.3,-23.1,2.2,n/a,n/a,n/a,n/a,n/a,n/a,n/a,n/a,n/a,n/a,n/a,n/a,
304,,,SS064,SS064,SS,Sosa-dong,Korea,Gyeonggi,36.627,126.746,Late Bronze,Mumun,,,-25.2,-26.3,-1.1,n/a,n/a,n/a,n/a,n/a,n/a,n/a,n/a,n/a,n/a,n/a,n/a,
